Listing #,Status,Location,Price,Accounts,Average Age,Screened In,Auto Vacs,Salt Systems,Income,Monthly Billing
FL1999,For Sale,Marathon (FL Keys),"$164,400",33 Res,3 years,NA,NA,88%,"$124,980 - $128,280","$13,700"
FL2006,For Sale,"West Palm Beach, Broward, Miami - Trucks and Equipment available for purchase","$563,832",494 Res     4 Comm,13 years,NA,NA,NA,SEE FINANCIALS,"$46,986"
FL1966,Pending,"REASONABLE OFFERS CONSIDERED!                                                    Fort Lauderdale, Pompano, Coral Springs, Hollywood","$76,320",60 Res,1 year,30%,15%,15%,"$71,424 - $77,424","$6,360"
FL2004,Pending,"Broward County - Trucks, Inventory & Warehouse Lease available/optional","$372,000",200 Res            9 Comm,2 years,NA,NA,NA,SEE FINANCIALS,"$31,000"
FL2012,For Sale,"Boynton Beach, Delray Beach, Gulf Stream, Ocean Ridge","$65,664",37 Res      3 Comm,5+ years,14%,24%,22%,"$61,848 - $67,048","$5,472"
FL1965,Pending,"Boca Raton, Boynton Beach, Delray Beach, Deerfield Beach","$86,280",66 Res,10 years,14%,8%,23%,"$80,196 - $86,796","$7,190"
FL1983,Pending,"Palm Beach Gardens, North Palm Beach, Jupiter","$62,520",39 Res,2 years,29%,47%,21%,"$55,464 - $59,364","$5,210"
FL2003,For Sale,"Port St Lucie, Fort Pierce, Jensen Beach","$55,200",44 Res,6 years,NA,NA,NA,"$51,840 - $56,240","$4,600"
FL2009,For Sale,Port St Lucie - REASONABLE OFFERS CONSIDERED!   ,"$103,500",76 Res,2 years,71%,26%,42%,"$95,250 - $102,850","$8,625"
FL2008,For Sale,"Port St Lucie, Fort Pierce, Vero Beach - REASONABLE OFFERS CONSIDERED!   ","$98,940",72 Res,2 years,74%,28%,42%,"$90,858 - $98,058","$8,245"
,,WE WANT YOUR LISTING! Contact us for info TODAY!,,,,,,,,